"query","significant","p_value","term_size","query_size","intersection_size","precision","recall","term_id","source","term_name","effective_domain_size","source_order","parents"
"query_1","TRUE","5.8809389950632e-27","774","3564","380","0.10662177328844","0.490956072351421","GO:0022402","GO:BP","cell cycle process","11884","6159","c(""GO:0007049"", ""GO:0009987"")"
"query_1","TRUE","3.58414457146192e-26","696","3564","347","0.0973625140291807","0.498563218390805","GO:0006396","GO:BP","RNA processing","11884","2049","c(""GO:0010467"", ""GO:0032774"", ""GO:0044238"")"
"query_1","TRUE","5.73822812808288e-24","962","3564","441","0.123737373737374","0.458419958419958","GO:0007049","GO:BP","cell cycle","11884","2516","GO:0009987"
"query_1","TRUE","1.48514987925302e-22","340","3564","194","0.0544332210998878","0.570588235294118","GO:0051276","GO:BP","chromosome organization","11884","12715","GO:0006996"
"query_1","TRUE","4.2279542549644e-22","352","3564","198","0.0555555555555556","0.5625","GO:0022613","GO:BP","ribonucleoprotein complex biogenesis","11884","6185","GO:0044085"
"query_1","TRUE","7.24782672717107e-22","548","3564","277","0.0777216610549944","0.505474452554745","GO:0000278","GO:BP","mitotic cell cycle","11884","75","GO:0007049"
"query_1","TRUE","1.04232755514297e-21","464","3564","243","0.0681818181818182","0.523706896551724","GO:1903047","GO:BP","mitotic cell cycle process","11884","21150","c(""GO:0000278"", ""GO:0022402"")"
"query_1","TRUE","5.52182582703976e-21","265","3564","158","0.0443322109988777","0.59622641509434","GO:0007059","GO:BP","chromosome segregation","11884","2525","GO:0022402"
"query_1","TRUE","8.57931576625887e-21","3504","3564","1281","0.359427609427609","0.365582191780822","GO:0006139","GO:BP","nucleobase-containing compound metabolic process","11884","1882","GO:0044238"
"query_1","TRUE","3.64122153531646e-18","218","3564","132","0.037037037037037","0.605504587155963","GO:0006260","GO:BP","DNA replication","11884","1972","GO:0006259"
"query_1","TRUE","1.04473629571277e-16","655","3564","303","0.085016835016835","0.462595419847328","GO:0006259","GO:BP","DNA metabolic process","11884","1971","GO:0090304"
"query_1","TRUE","2.01424032998591e-16","3183","3564","1154","0.323793490460157","0.362551052466227","GO:0090304","GO:BP","nucleic acid metabolic process","11884","16982","c(""GO:0006139"", ""GO:0043170"")"
"query_1","TRUE","2.44578762463964e-15","196","3564","117","0.0328282828282828","0.596938775510204","GO:0098813","GO:BP","nuclear chromosome segregation","11884","17660","GO:0007059"
"query_1","TRUE","6.81830040180925e-15","6697","3564","2218","0.622334455667789","0.331193071524563","GO:0008152","GO:BP","metabolic process","11884","2985","GO:0009987"
"query_1","TRUE","6.81830040180925e-15","254","3564","141","0.0395622895622896","0.55511811023622","GO:0042254","GO:BP","ribosome biogenesis","11884","9411","GO:0022613"
"query_1","TRUE","3.43161059339976e-14","174","3564","105","0.0294612794612795","0.603448275862069","GO:0006364","GO:BP","rRNA processing","11884","2032","c(""GO:0006396"", ""GO:0016072"", ""GO:0042254"")"
"query_1","TRUE","3.43161059339976e-14","190","3564","112","0.0314253647586981","0.589473684210526","GO:0016072","GO:BP","rRNA metabolic process","11884","4856","GO:0016070"
"query_1","TRUE","3.43161059339976e-14","126","3564","83","0.0232884399551066","0.658730158730159","GO:0006261","GO:BP","DNA-templated DNA replication","11884","1973","GO:0006260"
"query_1","TRUE","3.64548614462246e-14","332","3564","171","0.047979797979798","0.515060240963855","GO:0006397","GO:BP","mRNA processing","11884","2050","c(""GO:0006396"", ""GO:0016071"")"
"query_1","TRUE","3.74681696790452e-14","150","3564","94","0.026374859708193","0.626666666666667","GO:0000819","GO:BP","sister chromatid segregation","11884","229","c(""GO:0051276"", ""GO:0098813"")"
"query_1","TRUE","3.87665297546421e-14","424","3564","207","0.0580808080808081","0.488207547169811","GO:0010564","GO:BP","regulation of cell cycle process","11884","4031","c(""GO:0022402"", ""GO:0051726"")"
"query_1","TRUE","5.6788141215941e-14","5438","3564","1835","0.514870931537598","0.337440235380655","GO:0043170","GO:BP","macromolecule metabolic process","11884","9900","GO:0008152"
"query_1","TRUE","6.45364815304423e-14","6029","3564","2012","0.564534231200898","0.33372035163377","GO:0044238","GO:BP","primary metabolic process","11884","10236","GO:0008152"
"query_1","TRUE","7.07940663141403e-14","220","3564","124","0.0347923681257015","0.563636363636364","GO:0000375","GO:BP","RNA splicing, via transesterification reactions","11884","106","GO:0008380"
"query_1","TRUE","7.07940663141403e-14","220","3564","124","0.0347923681257015","0.563636363636364","GO:0000398","GO:BP","mRNA splicing, via spliceosome","11884","120","c(""GO:0000377"", ""GO:0006397"")"
"query_1","TRUE","7.07940663141403e-14","220","3564","124","0.0347923681257015","0.563636363636364","GO:0000377","GO:BP","RNA splicing, via transesterification reactions with bulged adenosine as nucleophile","11884","108","GO:0000375"
"query_1","TRUE","9.68595344946865e-14","259","3564","140","0.0392817059483726","0.540540540540541","GO:0000280","GO:BP","nuclear division","11884","77","GO:0048285"
"query_1","TRUE","1.94341757275657e-13","305","3564","158","0.0443322109988777","0.518032786885246","GO:0008380","GO:BP","RNA splicing","11884","3046","GO:0006396"
"query_1","TRUE","2.14082190788398e-13","138","3564","87","0.0244107744107744","0.630434782608696","GO:0000070","GO:BP","mitotic sister chromatid segregation","11884","23","c(""GO:0000819"", ""GO:0140014"", ""GO:1903047"")"
"query_1","TRUE","7.25660638460235e-13","603","3564","270","0.0757575757575758","0.447761194029851","GO:0051726","GO:BP","regulation of cell cycle","11884","12985","c(""GO:0007049"", ""GO:0050794"")"
"query_1","TRUE","7.82863996475236e-13","4490","3564","1537","0.431257014590348","0.342316258351893","GO:0009058","GO:BP","biosynthetic process","11884","3094","GO:0008152"
"query_1","TRUE","1.06994768078425e-12","3719","3564","1297","0.363916947250281","0.348749663888142","GO:0010467","GO:BP","gene expression","11884","3976","GO:0009059"
"query_1","TRUE","1.15692954299819e-12","3935","3564","1364","0.382716049382716","0.346632782719187","GO:0009059","GO:BP","macromolecule biosynthetic process","11884","3095","c(""GO:0009058"", ""GO:0043170"")"
"query_1","TRUE","1.53722775090746e-12","180","3564","104","0.0291806958473625","0.577777777777778","GO:0140014","GO:BP","mitotic nuclear division","11884","18363","c(""GO:0000280"", ""GO:1903047"")"
"query_1","TRUE","1.80140080346002e-12","294","3564","151","0.042368125701459","0.513605442176871","GO:0048285","GO:BP","organelle fission","11884","11782","GO:0006996"
"query_1","TRUE","4.97626466385394e-12","511","3564","233","0.0653759820426487","0.455968688845401","GO:0016071","GO:BP","mRNA metabolic process","11884","4855","GO:0016070"
"query_1","TRUE","1.19193576647029e-11","312","3564","156","0.0437710437710438","0.5","GO:0044770","GO:BP","cell cycle phase transition","11884","10395","GO:0022402"
"query_1","TRUE","1.53967002168368e-11","260","3564","135","0.0378787878787879","0.519230769230769","GO:1901987","GO:BP","regulation of cell cycle phase transition","11884","20444","c(""GO:0010564"", ""GO:0044770"")"
"query_1","TRUE","1.90982954498126e-11","334","3564","164","0.0460157126823793","0.491017964071856","GO:0051301","GO:BP","cell division","11884","12731","GO:0009987"
"query_1","TRUE","9.18434839246705e-11","213","3564","114","0.031986531986532","0.535211267605634","GO:0006913","GO:BP","nucleocytoplasmic transport","11884","2431","GO:0051169"
"query_1","TRUE","9.18434839246705e-11","213","3564","114","0.031986531986532","0.535211267605634","GO:0051169","GO:BP","nuclear transport","11884","12661","GO:0046907"
"query_1","TRUE","1.8866250233159e-10","2847","3564","1006","0.282267115600449","0.353354408148929","GO:0034654","GO:BP","nucleobase-containing compound biosynthetic process","11884","8134","c(""GO:0006139"", ""GO:0009058"")"
"query_1","TRUE","2.2743318251447e-10","245","3564","126","0.0353535353535354","0.514285714285714","GO:0044772","GO:BP","mitotic cell cycle phase transition","11884","10397","c(""GO:0044770"", ""GO:1903047"")"
"query_1","TRUE","3.64743493839975e-10","197","3564","106","0.0297418630751964","0.538071065989848","GO:1901990","GO:BP","regulation of mitotic cell cycle phase transition","11884","20447","c(""GO:0007346"", ""GO:0044772"", ""GO:1901987"")"
"query_1","TRUE","7.69296591497716e-10","284","3564","140","0.0392817059483726","0.492957746478873","GO:0007346","GO:BP","regulation of mitotic cell cycle","11884","2719","c(""GO:0000278"", ""GO:0051726"")"
"query_1","TRUE","9.11495158336568e-10","117","3564","71","0.0199214365881033","0.606837606837607","GO:0006403","GO:BP","RNA localization","11884","2056","GO:0033036"
"query_1","TRUE","1.21389228604763e-09","496","3564","219","0.0614478114478114","0.441532258064516","GO:0006412","GO:BP","translation","11884","2062","c(""GO:0009059"", ""GO:0019538"", ""GO:0160307"")"
"query_1","TRUE","1.21389228604763e-09","496","3564","219","0.0614478114478114","0.441532258064516","GO:0160307","GO:BP","protein biosynthetic process","11884","19039","c(""GO:0009059"", ""GO:0010467"", ""GO:0019538"")"
"query_1","TRUE","1.53370797180902e-09","238","3564","121","0.0339506172839506","0.508403361344538","GO:0072594","GO:BP","establishment of protein localization to organelle","11884","16279","GO:0045184"
"query_1","TRUE","3.02801706615938e-09","147","3564","83","0.0232884399551066","0.564625850340136","GO:0033044","GO:BP","regulation of chromosome organization","11884","7483","c(""GO:0033043"", ""GO:0051276"")"
"query_1","TRUE","3.39812802333736e-09","152","3564","85","0.0238496071829405","0.559210526315789","GO:0090068","GO:BP","positive regulation of cell cycle process","11884","16802","c(""GO:0010564"", ""GO:0022402"", ""GO:0045787"")"
"query_1","TRUE","3.51461997959457e-09","419","3564","189","0.053030303030303","0.451073985680191","GO:0006281","GO:BP","DNA repair","11884","1988","c(""GO:0006259"", ""GO:0006974"")"
"query_1","TRUE","5.29872254986867e-09","1960","3564","711","0.19949494949495","0.362755102040816","GO:0044085","GO:BP","cellular component biogenesis","11884","10211","GO:0071840"
"query_1","TRUE","7.12996787857175e-09","9794","3564","3059","0.858305274971942","0.312334082091076","GO:0009987","GO:BP","cellular process","11884","3649","GO:0008150"
"query_1","TRUE","1.3103590109595e-08","82","3564","53","0.0148709315375982","0.646341463414634","GO:0042274","GO:BP","ribosomal small subunit biogenesis","11884","9422","c(""GO:0022613"", ""GO:0042254"")"
"query_1","TRUE","1.47989134050023e-08","281","3564","135","0.0378787878787879","0.480427046263345","GO:0140694","GO:BP","membraneless organelle assembly","11884","18615","GO:0070925"
"query_1","TRUE","1.92750994239589e-08","98","3564","60","0.0168350168350168","0.612244897959184","GO:0051236","GO:BP","establishment of RNA localization","11884","12689","c(""GO:0006403"", ""GO:0051234"")"
"query_1","TRUE","1.92750994239589e-08","624","3564","260","0.0729517396184063","0.416666666666667","GO:0006974","GO:BP","DNA damage response","11884","2470","GO:0033554"
"query_1","TRUE","3.58001469042148e-08","75","3564","49","0.0137485970819304","0.653333333333333","GO:0051983","GO:BP","regulation of chromosome segregation","11884","13103","c(""GO:0007059"", ""GO:0010564"")"
"query_1","TRUE","4.35764716370796e-08","95","3564","58","0.0162738496071829","0.610526315789474","GO:0050657","GO:BP","nucleic acid transport","11884","12341","GO:0015931"
"query_1","TRUE","4.35764716370796e-08","95","3564","58","0.0162738496071829","0.610526315789474","GO:0050658","GO:BP","RNA transport","11884","12342","c(""GO:0050657"", ""GO:0051236"")"
"query_1","TRUE","4.65325826194108e-08","3924","3564","1323","0.371212121212121","0.337155963302752","GO:0071840","GO:BP","cellular component organization or biogenesis","11884","15796","GO:0009987"
"query_1","TRUE","4.86206506138205e-08","2762","3564","960","0.269360269360269","0.347574221578566","GO:0016070","GO:BP","RNA metabolic process","11884","4854","GO:0090304"
"query_1","TRUE","5.75705073965713e-08","142","3564","78","0.0218855218855219","0.549295774647887","GO:0007051","GO:BP","spindle organization","11884","2517","c(""GO:0000226"", ""GO:0022402"")"
"query_1","TRUE","5.9783622761741e-08","2676","3564","932","0.261503928170595","0.348281016442451","GO:0141187","GO:BP","nucleic acid biosynthetic process","11884","18825","c(""GO:0009059"", ""GO:0034654"", ""GO:0090304"")"
"query_1","TRUE","8.16031557328658e-08","182","3564","94","0.026374859708193","0.516483516483517","GO:0010948","GO:BP","negative regulation of cell cycle process","11884","4313","c(""GO:0010564"", ""GO:0022402"", ""GO:0045786"")"
"query_1","TRUE","1.32180836788889e-07","132","3564","73","0.0204826038159371","0.553030303030303","GO:0051321","GO:BP","meiotic cell cycle","11884","12746","c(""GO:0007049"", ""GO:0019953"", ""GO:0022414"")"
"query_1","TRUE","2.35201950583713e-07","667","3564","270","0.0757575757575758","0.4047976011994","GO:0006325","GO:BP","chromatin organization","11884","2014","GO:0016043"
"query_1","TRUE","2.3864165867399e-07","180","3564","92","0.0258136924803591","0.511111111111111","GO:0009060","GO:BP","aerobic respiration","11884","3096","GO:0045333"
"query_1","TRUE","2.5948214618012e-07","203","3564","101","0.0283389450056117","0.497536945812808","GO:0045333","GO:BP","cellular respiration","11884","10591","GO:0015980"
"query_1","TRUE","3.18588240473208e-07","83","3564","51","0.0143097643097643","0.614457831325301","GO:0006119","GO:BP","oxidative phosphorylation","11884","1875","GO:0009060"
"query_1","TRUE","3.21971531781916e-07","161","3564","84","0.0235690235690236","0.521739130434783","GO:1901988","GO:BP","negative regulation of cell cycle phase transition","11884","20445","c(""GO:0010948"", ""GO:0044770"", ""GO:1901987"")"
"query_1","TRUE","4.10452284826515e-07","34","3564","27","0.00757575757575758","0.794117647058823","GO:0008608","GO:BP","attachment of spindle microtubules to kinetochore","11884","3065","c(""GO:0022402"", ""GO:0051310"")"
"query_1","TRUE","4.52046156439197e-07","135","3564","73","0.0204826038159371","0.540740740740741","GO:0022618","GO:BP","protein-RNA complex assembly","11884","6190","c(""GO:0022613"", ""GO:0065003"", ""GO:0071826"")"
"query_1","TRUE","4.84123398451678e-07","109","3564","62","0.0173961840628507","0.568807339449541","GO:1901991","GO:BP","negative regulation of mitotic cell cycle phase transition","11884","20448","c(""GO:0044772"", ""GO:0045930"", ""GO:1901988"", ""GO:1901990"")"
"query_1","TRUE","5.2934316180258e-07","185","3564","93","0.0260942760942761","0.502702702702703","GO:0045787","GO:BP","positive regulation of cell cycle","11884","10847","c(""GO:0007049"", ""GO:0048522"", ""GO:0051726"")"
"query_1","TRUE","5.851136150575e-07","143","3564","76","0.021324354657688","0.531468531468531","GO:0071826","GO:BP","protein-RNA complex organization","11884","15786","GO:0043933"
"query_1","TRUE","7.57374719817176e-07","10031","3564","3110","0.872615039281706","0.310038879473632","GO:0008150","GO:BP","biological_process","11884","2984","character(0)"
"query_1","TRUE","7.57374719817176e-07","67","3564","43","0.0120650953984287","0.641791044776119","GO:0051310","GO:BP","metaphase chromosome alignment","11884","12739","c(""GO:0050000"", ""GO:0098813"")"
"query_1","TRUE","7.71019457898159e-07","217","3564","105","0.0294612794612795","0.483870967741935","GO:0045786","GO:BP","negative regulation of cell cycle","11884","10846","c(""GO:0007049"", ""GO:0048523"", ""GO:0051726"")"
"query_1","TRUE","8.28819897788275e-07","115","3564","64","0.0179573512906846","0.556521739130435","GO:1902850","GO:BP","microtubule cytoskeleton organization involved in mitosis","11884","21009","c(""GO:0000226"", ""GO:1903047"")"
"query_1","TRUE","9.39307362495503e-07","257","3564","120","0.0336700336700337","0.466926070038911","GO:0015980","GO:BP","energy derivation by oxidation of organic compounds","11884","4818","GO:0006091"
"query_1","TRUE","9.84711944329433e-07","125","3564","68","0.0190796857463524","0.544","GO:0000075","GO:BP","cell cycle checkpoint signaling","11884","25","c(""GO:0035556"", ""GO:1901988"")"
"query_1","TRUE","1.04192470457837e-06","59","3564","39","0.0109427609427609","0.661016949152542","GO:0033045","GO:BP","regulation of sister chromatid segregation","11884","7484","c(""GO:0000819"", ""GO:0033044"", ""GO:0051983"")"
"query_1","TRUE","1.95690338393761e-06","117","3564","64","0.0179573512906846","0.547008547008547","GO:1903046","GO:BP","meiotic cell cycle process","11884","21149","c(""GO:0022402"", ""GO:0022414"", ""GO:0051321"")"
"query_1","TRUE","1.9918532030986e-06","2614","3564","899","0.252244668911336","0.343917368018363","GO:0032774","GO:BP","RNA biosynthetic process","11884","7314","c(""GO:0016070"", ""GO:0141187"")"
"query_1","TRUE","2.65226167843951e-06","54","3564","36","0.0101010101010101","0.666666666666667","GO:0042773","GO:BP","ATP synthesis coupled electron transport","11884","9704","c(""GO:0006119"", ""GO:0022904"")"
"query_1","TRUE","2.66973975901443e-06","224","3564","106","0.0297418630751964","0.473214285714286","GO:0006310","GO:BP","DNA recombination","11884","2007","GO:0006259"
"query_1","TRUE","2.7650351327228e-06","437","3564","184","0.0516273849607183","0.421052631578947","GO:0000226","GO:BP","microtubule cytoskeleton organization","11884","60","c(""GO:0007010"", ""GO:0007017"")"
"query_1","TRUE","2.7650351327228e-06","52","3564","35","0.00982042648709315","0.673076923076923","GO:0042775","GO:BP","mitochondrial ATP synthesis coupled electron transport","11884","9706","GO:0042773"
"query_1","TRUE","2.89526908501157e-06","50","3564","34","0.00953984287317621","0.68","GO:0007091","GO:BP","metaphase/anaphase transition of mitotic cell cycle","11884","2541","c(""GO:0044772"", ""GO:0044784"")"
"query_1","TRUE","2.91887660449097e-06","283","3564","128","0.0359147025813693","0.452296819787986","GO:0006091","GO:BP","generation of precursor metabolites and energy","11884","1853","GO:0008152"
"query_1","TRUE","2.98031114762278e-06","48","3564","33","0.00925925925925926","0.6875","GO:0030071","GO:BP","regulation of mitotic metaphase/anaphase transition","11884","6236","c(""GO:0007091"", ""GO:1901990"", ""GO:1902099"")"
"query_1","TRUE","4.03162963992843e-06","27","3564","22","0.00617283950617284","0.814814814814815","GO:0000462","GO:BP","maturation of SSU-rRNA from tricistronic rRNA transcript (SSU-rRNA, 5.8S rRNA, LSU-rRNA)","11884","151","GO:0030490"
"query_1","TRUE","4.77367327538949e-06","221","3564","104","0.0291806958473625","0.470588235294118","GO:0006302","GO:BP","double-strand break repair","11884","2001","GO:0006281"
"query_1","TRUE","4.86934770115681e-06","77","3564","46","0.0129068462401796","0.597402597402597","GO:0050000","GO:BP","chromosome localization","11884","12329","GO:0051640"
"query_1","TRUE","5.68515599040801e-06","51","3564","34","0.00953984287317621","0.666666666666667","GO:0044784","GO:BP","metaphase/anaphase transition of cell cycle","11884","10405","c(""GO:0033045"", ""GO:0044770"")"
"query_1","TRUE","5.68515599040801e-06","31","3564","24","0.00673400673400673","0.774193548387097","GO:0006270","GO:BP","DNA replication initiation","11884","1978","c(""GO:0006259"", ""GO:0006261"")"
"query_1","TRUE","5.68515599040801e-06","51","3564","34","0.00953984287317621","0.666666666666667","GO:1905818","GO:BP","regulation of chromosome separation","11884","23104","c(""GO:0051304"", ""GO:0051983"")"
"query_1","TRUE","6.0408217338824e-06","49","3564","33","0.00925925925925926","0.673469387755102","GO:1902099","GO:BP","regulation of metaphase/anaphase transition of cell cycle","11884","20526","c(""GO:0033045"", ""GO:0044784"", ""GO:1901987"")"
"query_1","TRUE","6.0408217338824e-06","89","3564","51","0.0143097643097643","0.573033707865168","GO:0007093","GO:BP","mitotic cell cycle checkpoint signaling","11884","2542","c(""GO:0000075"", ""GO:0045930"", ""GO:1903047"")"
"query_1","TRUE","7.01764948386426e-06","41","3564","29","0.00813692480359147","0.707317073170732","GO:0030490","GO:BP","maturation of SSU-rRNA","11884","6372","c(""GO:0006364"", ""GO:0042274"")"
"query_1","TRUE","7.03619125852628e-06","71","3564","43","0.0120650953984287","0.605633802816901","GO:1901989","GO:BP","positive regulation of cell cycle phase transition","11884","20446","c(""GO:0044770"", ""GO:0090068"", ""GO:1901987"")"
"query_1","TRUE","7.77512255825086e-06","99","3564","55","0.0154320987654321","0.555555555555556","GO:0051170","GO:BP","import into nucleus","11884","12662","GO:0006913"
"query_1","TRUE","8.23575727153585e-06","116","3564","62","0.0173961840628507","0.53448275862069","GO:0051168","GO:BP","nuclear export","11884","12660","GO:0006913"
"query_1","TRUE","1.19394427569631e-05","857","3564","325","0.0911896745230079","0.379229871645274","GO:0065003","GO:BP","protein-containing complex assembly","11884","14781","c(""GO:0022607"", ""GO:0043933"")"
"query_1","TRUE","1.28224027522227e-05","147","3564","74","0.0207631874298541","0.503401360544218","GO:0015931","GO:BP","nucleobase-containing compound transport","11884","4777","GO:0071705"
"query_1","TRUE","1.40890196919201e-05","98","3564","54","0.0151515151515152","0.551020408163265","GO:0006606","GO:BP","protein import into nucleus","11884","2204","c(""GO:0006886"", ""GO:0034504"", ""GO:0051170"", ""GO:0072594"")"
"query_1","TRUE","1.44101747113163e-05","44","3564","30","0.00841750841750842","0.681818181818182","GO:0051306","GO:BP","mitotic sister chromatid separation","11884","12735","c(""GO:0000070"", ""GO:0051304"", ""GO:1903047"")"
"query_1","TRUE","1.49954316703321e-05","42","3564","29","0.00813692480359147","0.69047619047619","GO:0010965","GO:BP","regulation of mitotic sister chromatid separation","11884","4327","c(""GO:0051306"", ""GO:1905818"")"
"query_1","TRUE","1.5196999376871e-05","34","3564","25","0.00701459034792368","0.735294117647059","GO:0044786","GO:BP","cell cycle DNA replication","11884","10407","c(""GO:0006261"", ""GO:0022402"")"
"query_1","TRUE","1.7907361770899e-05","1138","3564","417","0.117003367003367","0.366432337434095","GO:0033554","GO:BP","cellular response to stress","11884","7729","c(""GO:0006950"", ""GO:0051716"")"
"query_1","TRUE","1.89563120026446e-05","308","3564","134","0.0375982042648709","0.435064935064935","GO:0010608","GO:BP","post-transcriptional regulation of gene expression","11884","4069","GO:0010468"
"query_1","TRUE","2.05700659204334e-05","116","3564","61","0.0171156004489338","0.525862068965517","GO:0006457","GO:BP","protein folding","11884","2095","c(""GO:0009987"", ""GO:0051604"")"
"query_1","TRUE","2.34188971677892e-05","986","3564","366","0.102693602693603","0.371196754563895","GO:0043933","GO:BP","protein-containing complex organization","11884","10169","GO:0016043"
"query_1","TRUE","2.43396730714563e-05","49","3564","32","0.00897867564534231","0.653061224489796","GO:0019646","GO:BP","aerobic electron transport chain","11884","5570","c(""GO:0006119"", ""GO:0009060"", ""GO:0022904"")"
"query_1","TRUE","2.57525779604528e-05","69","3564","41","0.0115039281705948","0.594202898550725","GO:0022904","GO:BP","respiratory electron transport chain","11884","6196","c(""GO:0022900"", ""GO:0045333"")"
"query_1","TRUE","2.62173670563511e-05","47","3564","31","0.00869809203142537","0.659574468085106","GO:0070585","GO:BP","protein localization to mitochondrion","11884","15073","GO:0033365"
"query_1","TRUE","2.82122855258961e-05","58","3564","36","0.0101010101010101","0.620689655172414","GO:0051304","GO:BP","chromosome separation","11884","12733","c(""GO:0007059"", ""GO:0022402"")"
"query_1","TRUE","2.82122855258961e-05","142","3564","71","0.0199214365881033","0.5","GO:0000725","GO:BP","recombinational repair","11884","201","c(""GO:0006281"", ""GO:0006310"")"
"query_1","TRUE","2.82122855258961e-05","215","3564","99","0.0277777777777778","0.46046511627907","GO:0141188","GO:BP","nucleic acid catabolic process","11884","18826","c(""GO:0009057"", ""GO:0034655"", ""GO:0090304"")"
"query_1","TRUE","2.82122855258961e-05","199","3564","93","0.0260942760942761","0.467336683417085","GO:0006401","GO:BP","RNA catabolic process","11884","2054","c(""GO:0016070"", ""GO:0141188"")"
"query_1","TRUE","3.09082795450352e-05","41","3564","28","0.00785634118967452","0.682926829268293","GO:0033047","GO:BP","regulation of mitotic sister chromatid segregation","11884","7486","c(""GO:0000070"", ""GO:0033045"")"
"query_1","TRUE","3.09082795450352e-05","105","3564","56","0.015712682379349","0.533333333333333","GO:0032200","GO:BP","telomere organization","11884","6907","GO:0051276"
"query_1","TRUE","3.09082795450352e-05","41","3564","28","0.00785634118967452","0.682926829268293","GO:0007080","GO:BP","mitotic metaphase chromosome alignment","11884","2536","c(""GO:0000070"", ""GO:0051310"", ""GO:1903047"")"
"query_1","TRUE","3.09082795450352e-05","105","3564","56","0.015712682379349","0.533333333333333","GO:0000723","GO:BP","telomere maintenance","11884","199","c(""GO:0006259"", ""GO:0032200"")"
"query_1","TRUE","3.29452193088828e-05","135","3564","68","0.0190796857463524","0.503703703703704","GO:0045930","GO:BP","negative regulation of mitotic cell cycle","11884","10946","c(""GO:0000278"", ""GO:0007346"", ""GO:0045786"")"
"query_1","TRUE","3.4326287751934e-05","98","3564","53","0.0148709315375982","0.540816326530612","GO:0140013","GO:BP","meiotic nuclear division","11884","18362","c(""GO:0000280"", ""GO:1903046"")"
"query_1","TRUE","3.65538835517775e-05","63","3564","38","0.010662177328844","0.603174603174603","GO:2001251","GO:BP","negative regulation of chromosome organization","11884","24492","c(""GO:0010639"", ""GO:0033044"", ""GO:0051276"")"
"query_1","TRUE","4.19155566244799e-05","61","3564","37","0.010381593714927","0.60655737704918","GO:0006405","GO:BP","RNA export from nucleus","11884","2058","c(""GO:0050658"", ""GO:0051168"")"
"query_1","TRUE","4.42753490427066e-05","193","3564","90","0.0252525252525253","0.466321243523316","GO:0034504","GO:BP","protein localization to nucleus","11884","8096","GO:0033365"
"query_1","TRUE","4.71432744375985e-05","324","3564","138","0.0387205387205387","0.425925925925926","GO:0034655","GO:BP","nucleobase-containing compound catabolic process","11884","8135","c(""GO:0006139"", ""GO:0009056"")"
"query_1","TRUE","5.17775127637083e-05","87","3564","48","0.0134680134680135","0.551724137931034","GO:0051225","GO:BP","spindle assembly","11884","12681","c(""GO:0007051"", ""GO:0007059"", ""GO:0140694"")"
"query_1","TRUE","5.51609015326697e-05","73","3564","42","0.0117845117845118","0.575342465753425","GO:0051028","GO:BP","mRNA transport","11884","12574","GO:0050658"
"query_1","TRUE","5.67366751273284e-05","548","3564","216","0.0606060606060606","0.394160583941606","GO:0033365","GO:BP","protein localization to organelle","11884","7636","GO:0008104"
"query_1","TRUE","5.92182039510817e-05","97","3564","52","0.0145903479236813","0.536082474226804","GO:0007098","GO:BP","centrosome cycle","11884","2547","c(""GO:0022402"", ""GO:0031023"")"
"query_1","TRUE","6.17182752874691e-05","102","3564","54","0.0151515151515152","0.529411764705882","GO:0031023","GO:BP","microtubule organizing center organization","11884","6550","c(""GO:0000226"", ""GO:0007017"", ""GO:0016043"")"
"query_1","TRUE","6.52589562820305e-05","90","3564","49","0.0137485970819304","0.544444444444444","GO:0006997","GO:BP","nucleus organization","11884","2479","GO:0006996"
"query_1","TRUE","6.75079640049519e-05","32","3564","23","0.00645342312008979","0.71875","GO:0071174","GO:BP","mitotic spindle checkpoint signaling","11884","15336","c(""GO:0007093"", ""GO:0031577"")"
"query_1","TRUE","6.75079640049519e-05","32","3564","23","0.00645342312008979","0.71875","GO:0071173","GO:BP","spindle assembly checkpoint signaling","11884","15335","GO:0031577"
"query_1","TRUE","6.75079640049519e-05","140","3564","69","0.0193602693602694","0.492857142857143","GO:0000724","GO:BP","double-strand break repair via homologous recombination","11884","200","c(""GO:0000725"", ""GO:0006302"")"
"query_1","TRUE","6.75079640049519e-05","38","3564","26","0.00729517396184063","0.684210526315789","GO:0045839","GO:BP","negative regulation of mitotic nuclear division","11884","10882","c(""GO:0007088"", ""GO:0010948"", ""GO:0045930"", ""GO:0051784"", ""GO:0140014"")"
"query_1","TRUE","6.75079640049519e-05","76","3564","43","0.0120650953984287","0.565789473684211","GO:0022900","GO:BP","electron transport chain","11884","6195","GO:0006091"
"query_1","TRUE","6.75079640049519e-05","32","3564","23","0.00645342312008979","0.71875","GO:0031577","GO:BP","spindle checkpoint signaling","11884","6764","GO:0000075"
"query_1","TRUE","6.75079640049519e-05","34","3564","24","0.00673400673400673","0.705882352941177","GO:1905819","GO:BP","negative regulation of chromosome separation","11884","23105","c(""GO:0051304"", ""GO:0051985"", ""GO:1905818"")"
"query_1","TRUE","6.75079640049519e-05","34","3564","24","0.00673400673400673","0.705882352941177","GO:0033048","GO:BP","negative regulation of mitotic sister chromatid segregation","11884","7487","c(""GO:0000070"", ""GO:0033046"", ""GO:0033047"")"
"query_1","TRUE","6.75079640049519e-05","34","3564","24","0.00673400673400673","0.705882352941177","GO:2000816","GO:BP","negative regulation of mitotic sister chromatid separation","11884","24163","c(""GO:0010965"", ""GO:0033048"", ""GO:0051306"", ""GO:1905819"")"
"query_1","TRUE","6.75079640049519e-05","34","3564","24","0.00673400673400673","0.705882352941177","GO:0033046","GO:BP","negative regulation of sister chromatid segregation","11884","7485","c(""GO:0000819"", ""GO:0033045"", ""GO:0051985"", ""GO:2001251"")"
"query_1","TRUE","6.75079640049519e-05","34","3564","24","0.00673400673400673","0.705882352941177","GO:0045841","GO:BP","negative regulation of mitotic metaphase/anaphase transition","11884","10884","c(""GO:0007091"", ""GO:0030071"", ""GO:0045839"", ""GO:1901991"", ""GO:1902100"", ""GO:2000816"")"
"query_1","TRUE","6.75079640049519e-05","32","3564","23","0.00645342312008979","0.71875","GO:0007094","GO:BP","mitotic spindle assembly checkpoint signaling","11884","2543","c(""GO:0045841"", ""GO:0071173"", ""GO:0071174"")"
"query_1","TRUE","6.75079640049519e-05","34","3564","24","0.00673400673400673","0.705882352941177","GO:0051985","GO:BP","negative regulation of chromosome segregation","11884","13105","c(""GO:0007059"", ""GO:0010948"", ""GO:0051983"")"
"query_1","TRUE","6.75079640049519e-05","34","3564","24","0.00673400673400673","0.705882352941177","GO:1902100","GO:BP","negative regulation of metaphase/anaphase transition of cell cycle","11884","20527","c(""GO:0044784"", ""GO:1901988"", ""GO:1902099"")"
"query_1","TRUE","7.02950312406939e-05","2145","3564","735","0.206228956228956","0.342657342657343","GO:0006996","GO:BP","organelle organization","11884","2478","GO:0016043"
"query_1","TRUE","8.82770418082745e-05","47","3564","30","0.00841750841750842","0.638297872340426","GO:0045132","GO:BP","meiotic chromosome segregation","11884","10533","c(""GO:0098813"", ""GO:0140013"", ""GO:1903046"")"
"query_1","TRUE","9.66710760574304e-05","56","3564","34","0.00953984287317621","0.607142857142857","GO:0032543","GO:BP","mitochondrial translation","11884","7139","c(""GO:0006412"", ""GO:0140053"")"
"query_1","TRUE","0.000107344460924821","213","3564","96","0.0269360269360269","0.450704225352113","GO:0006417","GO:BP","regulation of translation","11884","2066","c(""GO:0006412"", ""GO:0010608"", ""GO:0051246"")"
"query_1","TRUE","0.000123800181536586","61","3564","36","0.0101010101010101","0.590163934426229","GO:1901992","GO:BP","positive regulation of mitotic cell cycle phase transition","11884","20449","c(""GO:0044772"", ""GO:0045931"", ""GO:1901989"", ""GO:1901990"")"
"query_1","TRUE","0.000127097330581454","23","3564","18","0.00505050505050505","0.782608695652174","GO:0051383","GO:BP","kinetochore organization","11884","12776","GO:0051276"
"query_1","TRUE","0.000127097330581454","23","3564","18","0.00505050505050505","0.782608695652174","GO:0006099","GO:BP","tricarboxylic acid cycle","11884","1858","c(""GO:0009060"", ""GO:0044238"")"
"query_1","TRUE","0.000139557928186694","117","3564","59","0.0165544332210999","0.504273504273504","GO:0009165","GO:BP","nucleotide biosynthetic process","11884","3179","c(""GO:0009117"", ""GO:1901293"")"
"query_1","TRUE","0.000147682670970738","66","3564","38","0.010662177328844","0.575757575757576","GO:0007088","GO:BP","regulation of mitotic nuclear division","11884","2539","c(""GO:0007346"", ""GO:0010564"", ""GO:0051783"", ""GO:0140014"")"
"query_1","TRUE","0.000155987925941649","275","3564","118","0.0331088664421998","0.429090909090909","GO:0051052","GO:BP","regulation of DNA metabolic process","11884","12591","c(""GO:0006259"", ""GO:0019219"", ""GO:0060255"")"
"query_1","TRUE","0.000194459951232781","93","3564","49","0.0137485970819304","0.526881720430108","GO:0007052","GO:BP","mitotic spindle organization","11884","2518","c(""GO:0007051"", ""GO:1902850"")"
"query_1","TRUE","0.00022237673950446","86","3564","46","0.0129068462401796","0.534883720930233","GO:0009260","GO:BP","ribonucleotide biosynthetic process","11884","3269","c(""GO:0009165"", ""GO:0009259"", ""GO:0046390"")"
"query_1","TRUE","0.000249949342934975","40","3564","26","0.00729517396184063","0.65","GO:0051784","GO:BP","negative regulation of nuclear division","11884","13004","c(""GO:0000280"", ""GO:0010639"", ""GO:0051783"")"
"query_1","TRUE","0.000251802582398753","672","3564","254","0.0712682379349046","0.37797619047619","GO:0051246","GO:BP","regulation of protein metabolic process","11884","12695","c(""GO:0019538"", ""GO:0060255"", ""GO:0080090"")"
"query_1","TRUE","0.000274345202777112","20","3564","16","0.00448933782267116","0.8","GO:0051984","GO:BP","positive regulation of chromosome segregation","11884","13104","c(""GO:0007059"", ""GO:0051983"", ""GO:0090068"")"
"query_1","TRUE","0.00030271346653812","177","3564","81","0.0227272727272727","0.457627118644068","GO:1901293","GO:BP","nucleoside phosphate biosynthetic process","11884","19980","c(""GO:0006753"", ""GO:0034654"", ""GO:0090407"")"
"query_1","TRUE","0.000322550295684332","156","3564","73","0.0204826038159371","0.467948717948718","GO:0040029","GO:BP","epigenetic regulation of gene expression","11884","9282","c(""GO:0006338"", ""GO:0010468"")"
"query_1","TRUE","0.000349927086917097","30","3564","21","0.00589225589225589","0.7","GO:0033260","GO:BP","nuclear DNA replication","11884","7575","GO:0044786"
"query_1","TRUE","0.00036588484207024","45","3564","28","0.00785634118967452","0.622222222222222","GO:0045005","GO:BP","DNA-templated DNA replication maintenance of fidelity","11884","10464","c(""GO:0006259"", ""GO:0006261"")"
"query_1","TRUE","0.000367312055112808","68","3564","38","0.010662177328844","0.558823529411765","GO:2001252","GO:BP","positive regulation of chromosome organization","11884","24493","c(""GO:0010638"", ""GO:0033044"", ""GO:0051276"")"
"query_1","TRUE","0.000486120299338458","901","3564","328","0.0920314253647587","0.364039955604883","GO:0009057","GO:BP","macromolecule catabolic process","11884","3093","c(""GO:0009056"", ""GO:0043170"")"
"query_1","TRUE","0.000486706078446832","606","3564","230","0.0645342312008979","0.37953795379538","GO:0007017","GO:BP","microtubule-based process","11884","2492","GO:0009987"
"query_1","TRUE","0.000486706078446832","50","3564","30","0.00841750841750842","0.6","GO:0000380","GO:BP","alternative mRNA splicing, via spliceosome","11884","111","GO:0000398"
"query_1","TRUE","0.000487353998330631","179","3564","81","0.0227272727272727","0.452513966480447","GO:1903311","GO:BP","regulation of mRNA metabolic process","11884","21291","c(""GO:0016071"", ""GO:0051252"")"
"query_1","TRUE","0.000512107987199883","39","3564","25","0.00701459034792368","0.641025641025641","GO:0051293","GO:BP","establishment of spindle localization","11884","12724","c(""GO:0000226"", ""GO:0051649"", ""GO:0051653"", ""GO:0051656"")"
"query_1","TRUE","0.00052447708353036","577","3564","220","0.0617283950617284","0.381282495667244","GO:0006338","GO:BP","chromatin remodeling","11884","2018","GO:0006325"
"query_1","TRUE","0.000545909593026463","3741","3564","1221","0.342592592592593","0.326383319967923","GO:0016043","GO:BP","cellular component organization","11884","4835","GO:0071840"
"query_1","TRUE","0.000560439272689237","17","3564","14","0.00392817059483726","0.823529411764706","GO:0051315","GO:BP","attachment of mitotic spindle microtubules to kinetochore","11884","12741","c(""GO:0007080"", ""GO:0008608"", ""GO:1903047"")"
"query_1","TRUE","0.000627446958103495","109","3564","54","0.0151515151515152","0.495412844036697","GO:0000082","GO:BP","G1/S transition of mitotic cell cycle","11884","30","c(""GO:0044772"", ""GO:0044843"")"
"query_1","TRUE","0.00066398910390331","89","3564","46","0.0129068462401796","0.51685393258427","GO:0046390","GO:BP","ribose phosphate biosynthetic process","11884","11311","c(""GO:0019693"", ""GO:0090407"", ""GO:1901137"")"
"query_1","TRUE","0.000673987711174227","19","3564","15","0.00420875420875421","0.789473684210526","GO:0000466","GO:BP","maturation of 5.8S rRNA from tricistronic rRNA transcript (SSU-rRNA, 5.8S rRNA, LSU-rRNA)","11884","155","GO:0000460"
"query_1","TRUE","0.000750236491097687","77","3564","41","0.0115039281705948","0.532467532467532","GO:0051783","GO:BP","regulation of nuclear division","11884","13003","c(""GO:0000280"", ""GO:0033043"")"
"query_1","TRUE","0.000775008005296967","120","3564","58","0.0162738496071829","0.483333333333333","GO:0044843","GO:BP","cell cycle G1/S phase transition","11884","10434","GO:0044770"
"query_1","TRUE","0.000788138259241883","27","3564","19","0.005331088664422","0.703703703703704","GO:0000387","GO:BP","spliceosomal snRNP assembly","11884","113","c(""GO:0000398"", ""GO:0022618"")"
"query_1","TRUE","0.000791821449764468","264","3564","111","0.0311447811447811","0.420454545454545","GO:0009117","GO:BP","nucleotide metabolic process","11884","3136","GO:0006753"
"query_1","TRUE","0.000961990579846876","359","3564","144","0.0404040404040404","0.401114206128134","GO:0006753","GO:BP","nucleoside phosphate metabolic process","11884","2324","c(""GO:0006796"", ""GO:0019637"", ""GO:0055086"")"
"query_1","TRUE","0.00105468200889407","73","3564","39","0.0109427609427609","0.534246575342466","GO:0009152","GO:BP","purine ribonucleotide biosynthetic process","11884","3169","c(""GO:0006164"", ""GO:0009150"", ""GO:0009260"")"
"query_1","TRUE","0.00107165166044947","61","3564","34","0.00953984287317621","0.557377049180328","GO:0051298","GO:BP","centrosome duplication","11884","12728","c(""GO:0007098"", ""GO:0022402"")"
"query_1","TRUE","0.00130203697375647","34","3564","22","0.00617283950617284","0.647058823529412","GO:0009124","GO:BP","nucleoside monophosphate biosynthetic process","11884","3141","c(""GO:0009123"", ""GO:1901293"")"
"query_1","TRUE","0.00142648166588834","43","3564","26","0.00729517396184063","0.604651162790698","GO:0051653","GO:BP","spindle localization","11884","12941","c(""GO:0022402"", ""GO:0051640"")"
"query_1","TRUE","0.00149100802695387","69","3564","37","0.010381593714927","0.536231884057971","GO:0061982","GO:BP","meiosis I cell cycle process","11884","14665","GO:1903046"
"query_1","TRUE","0.00156109086646133","30","3564","20","0.00561167227833894","0.666666666666667","GO:0051294","GO:BP","establishment of spindle orientation","11884","12725","c(""GO:0030010"", ""GO:0051293"")"
"query_1","TRUE","0.00167294128063133","18","3564","14","0.00392817059483726","0.777777777777778","GO:0071459","GO:BP","protein localization to chromosome, centromeric region","11884","15554","GO:0034502"
"query_1","TRUE","0.00167294128063133","28","3564","19","0.005331088664422","0.678571428571429","GO:0000460","GO:BP","maturation of 5.8S rRNA","11884","149","GO:0006364"
"query_1","TRUE","0.00180666019283351","20","3564","15","0.00420875420875421","0.75","GO:0051382","GO:BP","kinetochore assembly","11884","12775","c(""GO:0051383"", ""GO:0065003"", ""GO:0140694"")"
"query_1","TRUE","0.00184070675988616","372","3564","147","0.0412457912457912","0.395161290322581","GO:0055086","GO:BP","nucleobase-containing small molecule metabolic process","11884","13262","c(""GO:0006139"", ""GO:0044281"")"
"query_1","TRUE","0.00185937437014787","77","3564","40","0.0112233445566779","0.519480519480519","GO:1902749","GO:BP","regulation of cell cycle G2/M phase transition","11884","20933","c(""GO:0044839"", ""GO:1901987"")"
"query_1","TRUE","0.00190563868540261","1746","3564","594","0.166666666666667","0.34020618556701","GO:0022607","GO:BP","cellular component assembly","11884","6180","c(""GO:0016043"", ""GO:0044085"")"
"query_1","TRUE","0.00196311231940933","126","3564","59","0.0165544332210999","0.468253968253968","GO:0072522","GO:BP","purine-containing compound biosynthetic process","11884","16246","c(""GO:0009058"", ""GO:0072521"")"
"query_1","TRUE","0.00196311231940933","11","3564","10","0.00280583613916947","0.909090909090909","GO:0001833","GO:BP","inner cell mass cell proliferation","11884","477","c(""GO:0001832"", ""GO:0008283"")"
"query_1","TRUE","0.00215936534359762","194","3564","84","0.0235690235690236","0.43298969072165","GO:0031647","GO:BP","regulation of protein stability","11884","6794","GO:0065008"
"query_1","TRUE","0.00226099628382073","116","3564","55","0.0154320987654321","0.474137931034483","GO:0050821","GO:BP","protein stabilization","11884","12421","GO:0031647"
"query_1","TRUE","0.00234245397752638","35","3564","22","0.00617283950617284","0.628571428571429","GO:0007004","GO:BP","telomere maintenance via telomerase","11884","2483","c(""GO:0006278"", ""GO:0010833"")"
"query_1","TRUE","0.00288957446373516","13","3564","11","0.00308641975308642","0.846153846153846","GO:0034501","GO:BP","protein localization to kinetochore","11884","8093","c(""GO:0071459"", ""GO:1903083"")"
"query_1","TRUE","0.00288957446373516","13","3564","11","0.00308641975308642","0.846153846153846","GO:0106074","GO:BP","aminoacyl-tRNA metabolism involved in translational fidelity","11884","17993","c(""GO:0006399"", ""GO:0006450"")"
"query_1","TRUE","0.00288957446373516","61","3564","33","0.00925925925925926","0.540983606557377","GO:0007127","GO:BP","meiosis I","11884","2564","c(""GO:0061982"", ""GO:0140013"")"
"query_1","TRUE","0.00288957446373516","13","3564","11","0.00308641975308642","0.846153846153846","GO:1903083","GO:BP","protein localization to condensed chromosome","11884","21176","GO:0034502"
"query_1","TRUE","0.00288957446373516","13","3564","11","0.00308641975308642","0.846153846153846","GO:0000212","GO:BP","meiotic spindle organization","11884","59","c(""GO:0007051"", ""GO:1903046"")"
"query_1","TRUE","0.00290342812650139","91","3564","45","0.0126262626262626","0.494505494505495","GO:0044839","GO:BP","cell cycle G2/M phase transition","11884","10433","GO:0044770"
"query_1","TRUE","0.00298748693986442","86","3564","43","0.0120650953984287","0.5","GO:0006164","GO:BP","purine nucleotide biosynthetic process","11884","1896","c(""GO:0006163"", ""GO:0009165"", ""GO:0072522"")"
"query_1","TRUE","0.00355592006462767","15","3564","12","0.00336700336700337","0.8","GO:1902969","GO:BP","mitotic DNA replication","11884","21090","c(""GO:0033260"", ""GO:1903047"")"
"query_1","TRUE","0.00355592006462767","191","3564","82","0.0230078563411897","0.429319371727749","GO:0009259","GO:BP","ribonucleotide metabolic process","11884","3268","c(""GO:0009117"", ""GO:0019693"")"
"query_1","TRUE","0.00355592006462767","84","3564","42","0.0117845117845118","0.5","GO:0051053","GO:BP","negative regulation of DNA metabolic process","11884","12592","c(""GO:0006259"", ""GO:0010605"", ""GO:0045934"", ""GO:0051052"")"
"query_1","TRUE","0.00364616837848958","52","3564","29","0.00813692480359147","0.557692307692308","GO:0009123","GO:BP","nucleoside monophosphate metabolic process","11884","3140","GO:0006753"
"query_1","TRUE","0.00370202162447023","2575","3564","850","0.238496071829405","0.330097087378641","GO:0048523","GO:BP","negative regulation of cellular process","11884","11957","c(""GO:0009987"", ""GO:0048519"", ""GO:0050794"")"
"query_1","TRUE","0.00371766561548507","1611","3564","548","0.153759820426487","0.34016139044072","GO:0010604","GO:BP","positive regulation of macromolecule metabolic process","11884","4065","c(""GO:0009893"", ""GO:0043170"", ""GO:0060255"")"
"query_1","TRUE","0.00371766561548507","296","3564","119","0.0333894500561167","0.402027027027027","GO:0072521","GO:BP","purine-containing compound metabolic process","11884","16245","GO:0008152"
"query_1","TRUE","0.00385121425952713","153","3564","68","0.0190796857463524","0.444444444444444","GO:0051054","GO:BP","positive regulation of DNA metabolic process","11884","12593","c(""GO:0006259"", ""GO:0010604"", ""GO:0051052"")"
"query_1","TRUE","0.00389005933933268","331","3564","131","0.0367564534231201","0.395770392749245","GO:0051640","GO:BP","organelle localization","11884","12929","GO:0051179"
"query_1","TRUE","0.00389005933933268","57","3564","31","0.00869809203142537","0.543859649122807","GO:0042273","GO:BP","ribosomal large subunit biogenesis","11884","9421","c(""GO:0022613"", ""GO:0042254"")"
"query_1","TRUE","0.00397297275755902","36","3564","22","0.00617283950617284","0.611111111111111","GO:0006278","GO:BP","RNA-templated DNA biosynthetic process","11884","1986","GO:0071897"
"query_1","TRUE","0.00421334367661618","77","3564","39","0.0109427609427609","0.506493506493506","GO:2000045","GO:BP","regulation of G1/S transition of mitotic cell cycle","11884","23555","c(""GO:0000082"", ""GO:1901990"", ""GO:1902806"")"
"query_1","TRUE","0.00434471648394197","95","3564","46","0.0129068462401796","0.484210526315789","GO:0045814","GO:BP","negative regulation of gene expression, epigenetic","11884","10864","c(""GO:0010629"", ""GO:0040029"")"
"query_1","TRUE","0.00487280448910049","60","3564","32","0.00897867564534231","0.533333333333333","GO:0048024","GO:BP","regulation of mRNA splicing, via spliceosome","11884","11631","c(""GO:0000398"", ""GO:0043484"", ""GO:0050684"")"
"query_1","TRUE","0.00491024466117763","80","3564","40","0.0112233445566779","0.5","GO:0045931","GO:BP","positive regulation of mitotic cell cycle","11884","10947","c(""GO:0000278"", ""GO:0007346"", ""GO:0045787"")"
"query_1","TRUE","0.0049555803906185","576","3564","213","0.0597643097643098","0.369791666666667","GO:0010629","GO:BP","negative regulation of gene expression","11884","4088","c(""GO:0010467"", ""GO:0010468"", ""GO:0010558"")"
"query_1","TRUE","0.0049555803906185","75","3564","38","0.010662177328844","0.506666666666667","GO:0050684","GO:BP","regulation of mRNA processing","11884","12356","c(""GO:0006397"", ""GO:1903311"")"
"query_1","TRUE","0.0049555803906185","75","3564","38","0.010662177328844","0.506666666666667","GO:0006275","GO:BP","regulation of DNA replication","11884","1983","c(""GO:0006260"", ""GO:0051052"")"
"query_1","TRUE","0.00518662513251148","10","3564","9","0.00252525252525253","0.9","GO:0006271","GO:BP","DNA strand elongation involved in DNA replication","11884","1979","c(""GO:0006261"", ""GO:0022616"")"
"query_1","TRUE","0.00518662513251148","10","3564","9","0.00252525252525253","0.9","GO:0000727","GO:BP","double-strand break repair via break-induced replication","11884","202","GO:0000724"
"query_1","TRUE","0.00570250958665075","30","3564","19","0.005331088664422","0.633333333333333","GO:0022616","GO:BP","DNA strand elongation","11884","6188","GO:0006259"
"query_1","TRUE","0.00570250958665075","96","3564","46","0.0129068462401796","0.479166666666667","GO:0140053","GO:BP","mitochondrial gene expression","11884","18383","GO:0010467"
"query_1","TRUE","0.00570250958665075","39","3564","23","0.00645342312008979","0.58974358974359","GO:0031297","GO:BP","replication fork processing","11884","6666","GO:0045005"
"query_1","TRUE","0.00574623067027581","428","3564","163","0.0457351290684624","0.380841121495327","GO:0019953","GO:BP","sexual reproduction","11884","5665","GO:0022414"
"query_1","TRUE","0.0060855329399756","169","3564","73","0.0204826038159371","0.431952662721893","GO:0006402","GO:BP","mRNA catabolic process","11884","2055","c(""GO:0006401"", ""GO:0010629"", ""GO:0016071"")"
"query_1","TRUE","0.00627873438004994","86","3564","42","0.0117845117845118","0.488372093023256","GO:1902806","GO:BP","regulation of cell cycle G1/S phase transition","11884","20976","c(""GO:0044843"", ""GO:1901987"")"
"query_1","TRUE","0.00627873438004994","86","3564","42","0.0117845117845118","0.488372093023256","GO:0031570","GO:BP","DNA integrity checkpoint signaling","11884","6761","GO:0000075"
"query_1","TRUE","0.00631757093389927","28","3564","18","0.00505050505050505","0.642857142857143","GO:0009156","GO:BP","ribonucleoside monophosphate biosynthetic process","11884","3173","GO:0009124"
"query_1","TRUE","0.00650906849929913","37","3564","22","0.00617283950617284","0.594594594594595","GO:0007062","GO:BP","sister chromatid cohesion","11884","2527","c(""GO:0022402"", ""GO:0051276"")"
"query_1","TRUE","0.00665743889715806","94","3564","45","0.0126262626262626","0.478723404255319","GO:0000956","GO:BP","nuclear-transcribed mRNA catabolic process","11884","252","GO:0006402"
"query_1","TRUE","0.0069595238357274","26","3564","17","0.0047699214365881","0.653846153846154","GO:0032210","GO:BP","regulation of telomere maintenance via telomerase","11884","6917","c(""GO:0007004"", ""GO:1904356"", ""GO:2000278"")"
"query_1","TRUE","0.0069595238357274","26","3564","17","0.0047699214365881","0.653846153846154","GO:0009126","GO:BP","purine nucleoside monophosphate metabolic process","11884","3143","GO:0009123"
"query_1","TRUE","0.00717824507674846","195","3564","82","0.0230078563411897","0.420512820512821","GO:0019693","GO:BP","ribose phosphate metabolic process","11884","5607","c(""GO:0006796"", ""GO:0019637"", ""GO:1901135"")"
"query_1","TRUE","0.0072594641140274","295","3564","117","0.0328282828282828","0.396610169491525","GO:0080135","GO:BP","regulation of cellular response to stress","11884","16634","c(""GO:0033554"", ""GO:0050794"", ""GO:0080134"")"
"query_1","TRUE","0.00733348422094484","97","3564","46","0.0129068462401796","0.474226804123711","GO:0043484","GO:BP","regulation of RNA splicing","11884","10051","c(""GO:0008380"", ""GO:0010468"", ""GO:0080090"")"
"query_1","TRUE","0.00740820896999216","35","3564","21","0.00589225589225589","0.6","GO:1902808","GO:BP","positive regulation of cell cycle G1/S phase transition","11884","20978","c(""GO:0044843"", ""GO:1901989"", ""GO:1902806"")"
"query_1","TRUE","0.00754021868371166","24","3564","16","0.00448933782267116","0.666666666666667","GO:0009167","GO:BP","purine ribonucleoside monophosphate metabolic process","11884","3181","GO:0009126"
"query_1","TRUE","0.00758873922303745","42","3564","24","0.00673400673400673","0.571428571428571","GO:0016441","GO:BP","post-transcriptional gene silencing","11884","4970","c(""GO:0010608"", ""GO:0010629"")"
"query_1","TRUE","0.00773621513321137","92","3564","44","0.0123456790123457","0.478260869565217","GO:0071897","GO:BP","DNA biosynthetic process","11884","15825","c(""GO:0006259"", ""GO:0141187"")"
"query_1","TRUE","0.0078169341705894","221","3564","91","0.0255331088664422","0.411764705882353","GO:0006163","GO:BP","purine nucleotide metabolic process","11884","1895","c(""GO:0009117"", ""GO:0072521"")"
"query_1","TRUE","0.0078169341705894","2539","3564","834","0.234006734006734","0.328475777865301","GO:0019538","GO:BP","protein metabolic process","11884","5499","c(""GO:0043170"", ""GO:0044238"")"
"query_1","TRUE","0.00791433957173872","69","3564","35","0.00982042648709315","0.507246376811594","GO:0010389","GO:BP","regulation of G2/M transition of mitotic cell cycle","11884","3928","c(""GO:0000086"", ""GO:1901990"", ""GO:1902749"")"
"query_1","TRUE","0.00807480882109649","14","3564","11","0.00308641975308642","0.785714285714286","GO:0051204","GO:BP","protein insertion into mitochondrial membrane","11884","12670","c(""GO:0007006"", ""GO:0051205"", ""GO:0051649"", ""GO:0070585"", ""GO:0072594"")"
"query_1","TRUE","0.00862961422981196","16","3564","12","0.00336700336700337","0.75","GO:0000076","GO:BP","DNA replication checkpoint signaling","11884","26","GO:0031570"
"query_1","TRUE","0.00862961422981196","16","3564","12","0.00336700336700337","0.75","GO:0001832","GO:BP","blastocyst growth","11884","476","c(""GO:0001824"", ""GO:0048589"")"
"query_1","TRUE","0.00868924051311758","18","3564","13","0.00364758698092031","0.722222222222222","GO:1905820","GO:BP","positive regulation of chromosome separation","11884","23106","c(""GO:0051304"", ""GO:0090068"", ""GO:1905818"")"
"query_1","TRUE","0.0093963094874081","177","3564","75","0.021043771043771","0.423728813559322","GO:0009150","GO:BP","purine ribonucleotide metabolic process","11884","3167","c(""GO:0006163"", ""GO:0009259"")"
"query_1","TRUE","0.00958171933634649","31","3564","19","0.005331088664422","0.612903225806452","GO:0070192","GO:BP","chromosome organization involved in meiotic cell cycle","11884","14869","c(""GO:0051276"", ""GO:1903046"")"
"query_1","TRUE","0.00985296907750992","45","3564","25","0.00701459034792368","0.555555555555556","GO:0010833","GO:BP","telomere maintenance via telomere lengthening","11884","4237","GO:0000723"
"query_1","TRUE","0.0109900044312206","29","3564","18","0.00505050505050505","0.620689655172414","GO:0040001","GO:BP","establishment of mitotic spindle localization","11884","9256","c(""GO:0051293"", ""GO:1902850"")"
"query_1","TRUE","0.0112947772792082","1738","3564","582","0.163299663299663","0.334867663981588","GO:0009893","GO:BP","positive regulation of metabolic process","11884","3592","c(""GO:0008152"", ""GO:0019222"", ""GO:0048522"")"
"query_1","TRUE","0.0131548394923679","68","3564","34","0.00953984287317621","0.5","GO:0034502","GO:BP","protein localization to chromosome","11884","8094","GO:0033365"
"query_1","TRUE","0.0136640585219757","9","3564","8","0.00224466891133558","0.888888888888889","GO:0090306","GO:BP","meiotic spindle assembly","11884","16983","c(""GO:0000212"", ""GO:0045132"", ""GO:0051225"")"
"query_1","TRUE","0.0136640585219757","81","3564","39","0.0109427609427609","0.481481481481481","GO:0000086","GO:BP","G2/M transition of mitotic cell cycle","11884","33","c(""GO:0044772"", ""GO:0044839"")"
"query_1","TRUE","0.0140495514746972","25","3564","16","0.00448933782267116","0.64","GO:0000132","GO:BP","establishment of mitotic spindle orientation","11884","49","c(""GO:0040001"", ""GO:0051294"")"
"query_1","TRUE","0.0140495514746972","25","3564","16","0.00448933782267116","0.64","GO:0000470","GO:BP","maturation of LSU-rRNA","11884","158","c(""GO:0006364"", ""GO:0042273"")"
"query_1","TRUE","0.016392739736501","39","3564","22","0.00617283950617284","0.564102564102564","GO:0035194","GO:BP","regulatory ncRNA-mediated post-transcriptional gene silencing","11884","8307","c(""GO:0016441"", ""GO:0031047"")"
"query_1","TRUE","0.0177996732144036","11","3564","9","0.00252525252525253","0.818181818181818","GO:0060213","GO:BP","positive regulation of nuclear-transcribed mRNA poly(A) tail shortening","11884","13456","c(""GO:0000289"", ""GO:0060211"", ""GO:0061014"")"
"query_1","TRUE","0.0177996732144036","11","3564","9","0.00252525252525253","0.818181818181818","GO:0046040","GO:BP","IMP metabolic process","11884","11036","c(""GO:0009150"", ""GO:0009167"")"
"query_1","TRUE","0.0177996732144036","11","3564","9","0.00252525252525253","0.818181818181818","GO:0007100","GO:BP","mitotic centrosome separation","11884","2549","c(""GO:0051299"", ""GO:0140014"", ""GO:1903047"")"
"query_1","TRUE","0.0179257268081045","69","3564","34","0.00953984287317621","0.492753623188406","GO:0032204","GO:BP","regulation of telomere maintenance","11884","6911","c(""GO:0000723"", ""GO:0033044"", ""GO:0051052"")"
"query_1","TRUE","0.018604395968116","90","3564","42","0.0117845117845118","0.466666666666667","GO:2000779","GO:BP","regulation of double-strand break repair","11884","24131","c(""GO:0006282"", ""GO:0006302"")"
"query_1","TRUE","0.0187188710796312","19","3564","13","0.00364758698092031","0.684210526315789","GO:0009127","GO:BP","purine nucleoside monophosphate biosynthetic process","11884","3144","c(""GO:0009124"", ""GO:0009126"")"
"query_1","TRUE","0.0191939365845897","77","3564","37","0.010381593714927","0.480519480519481","GO:0031507","GO:BP","heterochromatin formation","11884","6735","c(""GO:0022607"", ""GO:0045814"", ""GO:0070828"")"
"query_1","TRUE","0.0192962372910645","218","3564","88","0.0246913580246914","0.403669724770642","GO:0010639","GO:BP","negative regulation of organelle organization","11884","4098","c(""GO:0006996"", ""GO:0033043"", ""GO:0051129"")"
"query_1","TRUE","0.0192962372910645","2674","3564","870","0.244107744107744","0.325355272999252","GO:0048519","GO:BP","negative regulation of biological process","11884","11953","c(""GO:0008150"", ""GO:0050789"")"
"query_1","TRUE","0.0194915689416948","13","3564","10","0.00280583613916947","0.769230769230769","GO:0006999","GO:BP","nuclear pore organization","11884","2481","c(""GO:0006997"", ""GO:0043933"")"
"query_1","TRUE","0.0194915689416948","13","3564","10","0.00280583613916947","0.769230769230769","GO:0007076","GO:BP","mitotic chromosome condensation","11884","2532","c(""GO:0000070"", ""GO:0030261"", ""GO:1903047"")"
"query_1","TRUE","0.0194934292811874","17","3564","12","0.00336700336700337","0.705882352941177","GO:0009168","GO:BP","purine ribonucleoside monophosphate biosynthetic process","11884","3182","c(""GO:0009127"", ""GO:0009156"", ""GO:0009167"")"
"query_1","TRUE","0.0199310380518594","15","3564","11","0.00308641975308642","0.733333333333333","GO:0051988","GO:BP","regulation of attachment of spindle microtubules to kinetochore","11884","13108","c(""GO:0008608"", ""GO:0010564"")"
"query_1","TRUE","0.0209191889418171","67","3564","33","0.00925925925925926","0.492537313432836","GO:0006354","GO:BP","DNA-templated transcription elongation","11884","2023","c(""GO:0006351"", ""GO:0032774"")"
"query_1","TRUE","0.0209928571738456","1504","3564","505","0.141694725028058","0.335771276595745","GO:0009056","GO:BP","catabolic process","11884","3092","GO:0008152"
"query_1","TRUE","0.0215147247513158","6","3564","6","0.00168350168350168","1","GO:0006189","GO:BP","'de novo' IMP biosynthetic process","11884","1917","GO:0006188"
"query_1","TRUE","0.0215169763355344","62","3564","31","0.00869809203142537","0.5","GO:0034728","GO:BP","nucleosome organization","11884","8147","c(""GO:0006338"", ""GO:0071824"")"
"query_1","TRUE","0.0215747108034778","47","3564","25","0.00701459034792368","0.531914893617021","GO:0006406","GO:BP","mRNA export from nucleus","11884","2059","c(""GO:0006405"", ""GO:0010467"", ""GO:0051028"")"
"query_1","TRUE","0.0216891915417116","35","3564","20","0.00561167227833894","0.571428571428571","GO:0006284","GO:BP","base-excision repair","11884","1991","GO:0006281"
"query_1","TRUE","0.0216891915417116","1910","3564","632","0.177328843995511","0.330890052356021","GO:0006950","GO:BP","response to stress","11884","2451","GO:0050896"
"query_1","TRUE","0.0216891915417116","35","3564","20","0.00561167227833894","0.571428571428571","GO:0006754","GO:BP","ATP biosynthetic process","11884","2325","c(""GO:0009152"", ""GO:0009206"", ""GO:0046034"")"
"query_1","TRUE","0.0229002381313993","83","3564","39","0.0109427609427609","0.469879518072289","GO:0006413","GO:BP","translational initiation","11884","2063","c(""GO:0006412"", ""GO:0008152"")"
"query_1","TRUE","0.0235932732568401","393","3564","147","0.0412457912457912","0.374045801526718","GO:0010498","GO:BP","proteasomal protein catabolic process","11884","3993","GO:0030163"
"query_1","TRUE","0.0239575185814602","40","3564","22","0.00617283950617284","0.55","GO:0044818","GO:BP","mitotic G2/M transition checkpoint","11884","10421","c(""GO:0007093"", ""GO:0010972"")"
"query_1","TRUE","0.0239575185814602","40","3564","22","0.00617283950617284","0.55","GO:0006418","GO:BP","tRNA aminoacylation for protein translation","11884","2067","c(""GO:0006412"", ""GO:0043039"")"
"query_1","TRUE","0.0257349949667364","1403","3564","472","0.132435465768799","0.336421952957947","GO:0009892","GO:BP","negative regulation of metabolic process","11884","3591","c(""GO:0008152"", ""GO:0019222"", ""GO:0048523"")"
"query_1","TRUE","0.0258742559327191","50","3564","26","0.00729517396184063","0.52","GO:1901796","GO:BP","regulation of signal transduction by p53 class mediator","11884","20307","c(""GO:0072331"", ""GO:1902531"")"
"query_1","TRUE","0.0300428438160341","31","3564","18","0.00505050505050505","0.580645161290323","GO:1904356","GO:BP","regulation of telomere maintenance via telomere lengthening","11884","22044","c(""GO:0010833"", ""GO:0032204"")"
"query_1","TRUE","0.0302413860630747","43","3564","23","0.00645342312008979","0.534883720930233","GO:0043039","GO:BP","tRNA aminoacylation","11884","9826","c(""GO:0006399"", ""GO:0043038"")"
"query_1","TRUE","0.0302413860630747","43","3564","23","0.00645342312008979","0.534883720930233","GO:0009145","GO:BP","purine nucleoside triphosphate biosynthetic process","11884","3162","c(""GO:0009142"", ""GO:0009144"")"
"query_1","TRUE","0.0308248302231734","53","3564","27","0.00757575757575758","0.509433962264151","GO:0009142","GO:BP","nucleoside triphosphate biosynthetic process","11884","3159","c(""GO:0009141"", ""GO:1901293"")"
"query_1","TRUE","0.0321511191336607","79","3564","37","0.010381593714927","0.468354430379747","GO:1903313","GO:BP","positive regulation of mRNA metabolic process","11884","21293","c(""GO:0016071"", ""GO:0051254"", ""GO:1903311"")"
"query_1","TRUE","0.033431161845641","1107","3564","377","0.105780022446689","0.340560072267389","GO:0051649","GO:BP","establishment of localization in cell","11884","12938","c(""GO:0051234"", ""GO:0051641"")"
"query_1","TRUE","0.034662402366128","61","3564","30","0.00841750841750842","0.491803278688525","GO:0071806","GO:BP","protein transmembrane transport","11884","15776","c(""GO:0015031"", ""GO:0055085"")"
"query_1","TRUE","0.0351134356127399","20","3564","13","0.00364758698092031","0.65","GO:0030261","GO:BP","chromosome condensation","11884","6309","GO:0051276"
"query_1","TRUE","0.0354354881956254","8","3564","7","0.00196408529741863","0.875","GO:0006265","GO:BP","DNA topological change","11884","1975","c(""GO:0006259"", ""GO:0071103"")"
"query_1","TRUE","0.0354354881956254","8","3564","7","0.00196408529741863","0.875","GO:0006122","GO:BP","mitochondrial electron transport, ubiquinol to cytochrome c","11884","1878","c(""GO:0019646"", ""GO:0042775"")"
"query_1","TRUE","0.0368534257125434","684","3564","241","0.0676206509539843","0.35233918128655","GO:0033043","GO:BP","regulation of organelle organization","11884","7482","c(""GO:0006996"", ""GO:0051128"")"
"query_1","TRUE","0.0373697072268208","287","3564","110","0.0308641975308642","0.383275261324042","GO:0051604","GO:BP","protein maturation","11884","12897","c(""GO:0010467"", ""GO:0019538"")"
"query_1","TRUE","0.0373697072268208","93","3564","42","0.0117845117845118","0.451612903225806","GO:0000018","GO:BP","regulation of DNA recombination","11884","5","c(""GO:0006310"", ""GO:0051052"")"
"query_1","TRUE","0.0384222275860845","18","3564","12","0.00336700336700337","0.666666666666667","GO:0000463","GO:BP","maturation of LSU-rRNA from tricistronic rRNA transcript (SSU-rRNA, 5.8S rRNA, LSU-rRNA)","11884","152","GO:0000470"
"query_1","TRUE","0.0384222275860845","18","3564","12","0.00336700336700337","0.666666666666667","GO:0006450","GO:BP","regulation of translational fidelity","11884","2092","GO:0065008"
"query_1","TRUE","0.0412212233763437","1316","3564","442","0.124017957351291","0.335866261398176","GO:0010557","GO:BP","positive regulation of macromolecule biosynthetic process","11884","4024","c(""GO:0009059"", ""GO:0009891"", ""GO:0010556"", ""GO:0010604"")"
"query_1","TRUE","0.0422211210062503","39","3564","21","0.00589225589225589","0.538461538461538","GO:0098534","GO:BP","centriole assembly","11884","17557","c(""GO:0031023"", ""GO:0140694"")"
"query_1","TRUE","0.0423867358273893","10","3564","8","0.00224466891133558","0.8","GO:0046823","GO:BP","negative regulation of nucleocytoplasmic transport","11884","11540","c(""GO:0006913"", ""GO:0032387"", ""GO:0046822"")"
"query_1","TRUE","0.0423867358273893","10","3564","8","0.00224466891133558","0.8","GO:0006188","GO:BP","IMP biosynthetic process","11884","1916","c(""GO:0009152"", ""GO:0009168"", ""GO:0046040"")"
"query_1","TRUE","0.0429631806122701","49","3564","25","0.00701459034792368","0.510204081632653","GO:1902750","GO:BP","negative regulation of cell cycle G2/M phase transition","11884","20934","c(""GO:0044839"", ""GO:1901988"", ""GO:1902749"")"
"query_1","TRUE","0.0429631806122701","44","3564","23","0.00645342312008979","0.522727272727273","GO:0043038","GO:BP","amino acid activation","11884","9825","GO:0006520"
"query_1","TRUE","0.0434916990697563","169","3564","69","0.0193602693602694","0.408284023668639","GO:0006399","GO:BP","tRNA metabolic process","11884","2052","GO:0016070"
"query_1","TRUE","0.0435194679306094","75","3564","35","0.00982042648709315","0.466666666666667","GO:0017148","GO:BP","negative regulation of translation","11884","5033","c(""GO:0006412"", ""GO:0006417"", ""GO:0010629"", ""GO:0051248"")"
"query_1","TRUE","0.0435194679306094","1308","3564","439","0.12317620650954","0.335626911314985","GO:0010605","GO:BP","negative regulation of macromolecule metabolic process","11884","4066","c(""GO:0009892"", ""GO:0043170"", ""GO:0060255"")"
"query_1","TRUE","0.0435194679306094","14","3564","10","0.00280583613916947","0.714285714285714","GO:0046037","GO:BP","GMP metabolic process","11884","11033","c(""GO:0009150"", ""GO:0009167"")"
"query_1","TRUE","0.0435194679306094","12","3564","9","0.00252525252525253","0.75","GO:0007000","GO:BP","nucleolus organization","11884","2482","GO:0006997"
"query_1","TRUE","0.0435194679306094","12","3564","9","0.00252525252525253","0.75","GO:0051299","GO:BP","centrosome separation","11884","12729","c(""GO:0007098"", ""GO:0022402"")"
"query_1","TRUE","0.0435194679306094","12","3564","9","0.00252525252525253","0.75","GO:0060211","GO:BP","regulation of nuclear-transcribed mRNA poly(A) tail shortening","11884","13454","c(""GO:0000289"", ""GO:0061013"")"
"query_1","TRUE","0.0435194679306094","14","3564","10","0.00280583613916947","0.714285714285714","GO:0008156","GO:BP","negative regulation of DNA replication","11884","2988","c(""GO:0006260"", ""GO:0006275"", ""GO:0051053"")"
"query_1","TRUE","0.0435194679306094","83","3564","38","0.010662177328844","0.457831325301205","GO:0070828","GO:BP","heterochromatin organization","11884","15200","GO:0006325"
"query_1","TRUE","0.0436989386302733","102","3564","45","0.0126262626262626","0.441176470588235","GO:0071824","GO:BP","protein-DNA complex organization","11884","15784","GO:0043933"
"query_1","TRUE","0.0448661762631462","274","3564","105","0.0294612794612795","0.383211678832117","GO:0007005","GO:BP","mitochondrion organization","11884","2484","GO:0006996"
"query_1","TRUE","0.045036893312888","25","3564","15","0.00420875420875421","0.6","GO:0007143","GO:BP","female meiotic nuclear division","11884","2580","c(""GO:0007292"", ""GO:0140013"")"
"query_1","TRUE","0.0464607581227396","86","3564","39","0.0109427609427609","0.453488372093023","GO:0031109","GO:BP","microtubule polymerization or depolymerization","11884","6586","GO:0000226"
"query_1","TRUE","0.0481354433233073","37","3564","20","0.00561167227833894","0.540540540540541","GO:0007099","GO:BP","centriole replication","11884","2548","c(""GO:0022402"", ""GO:0051298"", ""GO:0098534"")"
"query_1","TRUE","0.0481354433233073","37","3564","20","0.00561167227833894","0.540540540540541","GO:0035195","GO:BP","miRNA-mediated post-transcriptional gene silencing","11884","8308","GO:0035194"
"query_1","TRUE","0.049006002431074","47","3564","24","0.00673400673400673","0.51063829787234","GO:0006334","GO:BP","nucleosome assembly","11884","2015","c(""GO:0006325"", ""GO:0034728"", ""GO:0065004"")"
"query_1","TRUE","0.049006002431074","47","3564","24","0.00673400673400673","0.51063829787234","GO:0032206","GO:BP","positive regulation of telomere maintenance","11884","6913","c(""GO:0000723"", ""GO:0032204"", ""GO:0051054"", ""GO:2001252"")"
"query_1","TRUE","0.049006002431074","47","3564","24","0.00673400673400673","0.51063829787234","GO:0009201","GO:BP","ribonucleoside triphosphate biosynthetic process","11884","3213","GO:0009142"
"query_1","TRUE","0.049006002431074","47","3564","24","0.00673400673400673","0.51063829787234","GO:0010972","GO:BP","negative regulation of G2/M transition of mitotic cell cycle","11884","4334","c(""GO:0000086"", ""GO:0010389"", ""GO:1901991"", ""GO:1902750"")"
"query_1","TRUE","0.049006002431074","42","3564","22","0.00617283950617284","0.523809523809524","GO:0009206","GO:BP","purine ribonucleoside triphosphate biosynthetic process","11884","3218","c(""GO:0009145"", ""GO:0009201"", ""GO:0009205"")"
